name,phone,email,website,address,services,other_info
Advanced Docks and Lifts,218-495-2811,,,"35398 Cty Hwy 1, Battle Lake, MN 56515",,
Advanced Sales,218-862-2277,,,"108 Memory Lane, Battle Lake, MN 56515",,
Advanced Auto & Marine,218-367-5100,,,"403 E Main St., Ottertail, MN 56571",,
Anytime Trailer Rental,715-829-4685,,,"17292 50th Ave,, Chippewa Falls, WI 54729",,
Awaken Marine,715-312-4020,,,"25272 Hwy 27, Holcombe, WI 54745",,
Biegler's C & S Motorsports,605-225-4533,,,"1502 6th Ave SW, Aberdeen SD 57401",,
Cabin & Lawn Care,218-591-0942,,,"14538 S Lidberg Bridge Rd, Gordon, WI 54838",,
Davis Sale & Service Inc,507-642-3563,,,"3 4th St NW, Madelia MN 56062",,
Dock Guys LLC.,207-873-7198,,,"83 CUSHMAN RD, Winslow ME 04901",,
DTM Fleet Service,320-266-2319,,,"17000 HWY 10 NW, Royalton MN 56373",,
Elite Dock & Lift,715-661-0889,,,"N15822 Tamarack Road, Butternut, WI 54514",,
"Hill Country Pontoons, LLC",608-553-1977,,,"26581 Jackson Drive, Muscoda, WI 53573",,
Jim’s Trailers Plus Marine,218-675-7500,,,"3847 MN-371 NW, Hackensack, MN 56452",,
Kountry Side Sales,715-634-2297,,,"W1475 Hwy 63, Hayward, WI 54843",,
Lakeshore Dock and Lift,715-205-4164,,,"853 25 3/8 Street, Chetek, WI 54728",,
Lake Weeders Digest,763-551-1441,,,"5620 International Pkwy, New Hope, MN 55428",,
Lifts and Docks,,,,,,
"Rhinelander, WI, 54501",715-420-2442,,,,,
Minnewaska Marine,320-239-2293,,,"496 South Main Street, Starbuck, MN 56381",,
Milltown Powersports,715-825-3833,,,"231 Eider Street,, Milltown, WI 54858",,
Main Street Auto,507-668-4070,,,"1725 East Main Street,, Albert Lea, MN 56007",,
Main Street Auto,641-450-0910,,,"4750 4th Street Southwest,, Mason City, IA 50401",,
"Melrude Boys, LLC",218-290-9041,,,,,
MN Dock & Lift,952-303-1090,,,"801 6th Street NW, New Prague, MN 56071",,
Northern Lights Docks and Ramps,315-761-7669,,,"2208 State Route 5, Utica, NY 13502",,
Outlet Dock & Trailer,(701) 214-0425,,,"4515 Memorial Hwy, Mandan, ND 58554",,
Minot Satellite Production Location,701-818-0288,,,,,
Glenco Satellite Production Location,763-331-4445,,,,,
Prososki All Care,218-947-4518,,,"1079 State Hwy 84 NW, Pine River, MN 56474",,
Ree Marine,320-250-5546,,,"16477 68th St,, Royalton, MN 56373",,
Tuttle Creek Outdoors,785-293-5636,,,"301 Front Street,, Randolph, KS 66554",,
Z Marine,320-558-9422,,,"2238 196th St E, Clearwater, MN 55320",,
