level,text
H1,Find JB Lund Dock &amp; Lifts
H2,Factory Inquiry from JB Lund
H2,Dealers
H3,at a local retailer or contact us today
H3,Advanced Docks and Lifts
H3,Advanced Sales
H3,Advanced Auto
H3,&amp; Marine
H3,Anytime Trailer Rental
H3,Awaken Marine
H3,Biegler&#8217;s C &amp; S Motorsports
H3,Cabin &amp; Lawn Care
H3,Davis Sale &amp; Service Inc
H3,Dock Guys LLC.
H3,DTM Fleet Service
H3,Elite Dock &amp; Lift
H3,"Hill Country Pontoons, LLC"
H3,Jim’s Trailers Plus Marine
H3,Kountry Side Sales
H3,Lakeshore Dock and Lift
H3,Lake Weeders Digest
H3,Lifts and Docks
H3,Minnewaska Marine
H3,Milltown Powersports
H3,Main Street Auto
H3,Main Street Auto
H3,"Melrude Boys, LLC"
H3,MN Dock &amp; Lift
H3,Northern Lights Docks and Ramps
H3,Outlet Dock &amp; Trailer
H3,Prososki All Care
H3,Ree Marine
H3,Tuttle Creek Outdoors
H3,Z Marine
